{
  "total_time": 26.667530059814453,
  "tokens_per_second": 1919.9378377060032,
  "operations_per_second": 1919.9378377060032,
  "avg_latency_ms": 0.520850196480751,
  "device": "cuda",
  "theta_enabled": true
}