{
  "total_time": 4.150328159332275,
  "tokens_per_second": 3084.093476131132,
  "operations_per_second": 3084.093476131132,
  "avg_latency_ms": 0.324244387447834,
  "device": "cuda",
  "theta_enabled": true
}