{
  "total_time": 0.7825736999511719,
  "tokens_per_second": 1962.7544346249274,
  "operations_per_second": 1962.7544346249274,
  "avg_latency_ms": 0.5094880859057108,
  "device": "cuda",
  "theta_enabled": true
}